[
	{
		"id" : 1,
		"country_code" : "AD",
		"country_name" : "Andorra",
		"zone_name" : "Europe/Andorra",
		"gmt_offset" : 7200,
		"daylight_saving_time" : false
	},
	{
		"id" : 2,
		"country_code" : "AE",
		"country_name" : "United Arab Emirates",
		"zone_name" : "Asia/Dubai",
		"gmt_offset" : 14400,
		"daylight_saving_time" : false
	},
	{
		"id" : 3,
		"country_code" : "AF",
		"country_name" : "Afghanistan",
		"zone_name" : "Asia/Kabul",
		"gmt_offset" : 16200,
		"daylight_saving_time" : false
	},
	{
		"id" : 4,
		"country_code" : "AG",
		"country_name" : "Antigua and Barbuda",
		"zone_name" : "America/Antigua",
		"gmt_offset" : -14400,
		"daylight_saving_time" : false
	},
	{
		"id" : 5,
		"country_code" : "AI",
		"country_name" : "Anguilla",
		"zone_name" : "America/Anguilla",
		"gmt_offset" : -14400,
		"daylight_saving_time" : false
	},
	{
		"id" : 6,
		"country_code" : "AL",
		"country_name" : "Albania",
		"zone_name" : "Europe/Tirane",
		"gmt_offset" : 7200,
		"daylight_saving_time" : false
	},
	{
		"id" : 7,
		"country_code" : "AM",
		"country_name" : "Armenia",
		"zone_name" : "Asia/Yerevan",
		"gmt_offset" : 14400,
		"daylight_saving_time" : false
	},
	{
		"id" : 8,
		"country_code" : "AO",
		"country_name" : "Angola",
		"zone_name" : "Africa/Luanda",
		"gmt_offset" : 3600,
		"daylight_saving_time" : false
	},
	{
		"id" : 9,
		"country_code" : "AQ",
		"country_name" : "Antarctica",
		"zone_name" : "Antarctica/Casey",
		"gmt_offset" : 28800,
		"daylight_saving_time" : false
	},
	{
		"id" : 10,
		"country_code" : "AQ",
		"country_name" : "Antarctica",
		"zone_name" : "Antarctica/Davis",
		"gmt_offset" : 25200,
		"daylight_saving_time" : false
	},
	{
		"id" : 11,
		"country_code" : "AQ",
		"country_name" : "Antarctica",
		"zone_name" : "Antarctica/DumontDUrville",
		"gmt_offset" : 36000,
		"daylight_saving_time" : false
	},
	{
		"id" : 12,
		"country_code" : "AQ",
		"country_name" : "Antarctica",
		"zone_name" : "Antarctica/Mawson",
		"gmt_offset" : 18000,
		"daylight_saving_time" : false
	},
	{
		"id" : 13,
		"country_code" : "AQ",
		"country_name" : "Antarctica",
		"zone_name" : "Antarctica/McMurdo",
		"gmt_offset" : 43200,
		"daylight_saving_time" : false
	},
	{
		"id" : 14,
		"country_code" : "AQ",
		"country_name" : "Antarctica",
		"zone_name" : "Antarctica/Palmer",
		"gmt_offset" : -10800,
		"daylight_saving_time" : false
	},
	{
		"id" : 15,
		"country_code" : "AQ",
		"country_name" : "Antarctica",
		"zone_name" : "Antarctica/Rothera",
		"gmt_offset" : -10800,
		"daylight_saving_time" : false
	},
	{
		"id" : 16,
		"country_code" : "AQ",
		"country_name" : "Antarctica",
		"zone_name" : "Antarctica/Syowa",
		"gmt_offset" : 10800,
		"daylight_saving_time" : false
	},
	{
		"id" : 17,
		"country_code" : "AQ",
		"country_name" : "Antarctica",
		"zone_name" : "Antarctica/Troll",
		"gmt_offset" : 7200,
		"daylight_saving_time" : false
	},
	{
		"id" : 18,
		"country_code" : "AQ",
		"country_name" : "Antarctica",
		"zone_name" : "Antarctica/Vostok",
		"gmt_offset" : 21600,
		"daylight_saving_time" : false
	},
	{
		"id" : 19,
		"country_code" : "AR",
		"country_name" : "Argentina",
		"zone_name" : "America/Argentina/Buenos_Aires",
		"gmt_offset" : -10800,
		"daylight_saving_time" : false
	},
	{
		"id" : 20,
		"country_code" : "AR",
		"country_name" : "Argentina",
		"zone_name" : "America/Argentina/Catamarca",
		"gmt_offset" : -10800,
		"daylight_saving_time" : false
	},
	{
		"id" : 21,
		"country_code" : "AR",
		"country_name" : "Argentina",
		"zone_name" : "America/Argentina/Cordoba",
		"gmt_offset" : -10800,
		"daylight_saving_time" : false
	},
	{
		"id" : 22,
		"country_code" : "AR",
		"country_name" : "Argentina",
		"zone_name" : "America/Argentina/Jujuy",
		"gmt_offset" : -10800,
		"daylight_saving_time" : false
	},
	{
		"id" : 23,
		"country_code" : "AR",
		"country_name" : "Argentina",
		"zone_name" : "America/Argentina/La_Rioja",
		"gmt_offset" : -10800,
		"daylight_saving_time" : false
	},
	{
		"id" : 24,
		"country_code" : "AR",
		"country_name" : "Argentina",
		"zone_name" : "America/Argentina/Mendoza",
		"gmt_offset" : -10800,
		"daylight_saving_time" : false
	},
	{
		"id" : 25,
		"country_code" : "AR",
		"country_name" : "Argentina",
		"zone_name" : "America/Argentina/Rio_Gallegos",
		"gmt_offset" : -10800,
		"daylight_saving_time" : false
	},
	{
		"id" : 26,
		"country_code" : "AR",
		"country_name" : "Argentina",
		"zone_name" : "America/Argentina/Salta",
		"gmt_offset" : -10800,
		"daylight_saving_time" : false
	},
	{
		"id" : 27,
		"country_code" : "AR",
		"country_name" : "Argentina",
		"zone_name" : "America/Argentina/San_Juan",
		"gmt_offset" : -10800,
		"daylight_saving_time" : false
	},
	{
		"id" : 28,
		"country_code" : "AR",
		"country_name" : "Argentina",
		"zone_name" : "America/Argentina/San_Luis",
		"gmt_offset" : -10800,
		"daylight_saving_time" : false
	},
	{
		"id" : 29,
		"country_code" : "AR",
		"country_name" : "Argentina",
		"zone_name" : "America/Argentina/Tucuman",
		"gmt_offset" : -10800,
		"daylight_saving_time" : false
	},
	{
		"id" : 30,
		"country_code" : "AR",
		"country_name" : "Argentina",
		"zone_name" : "America/Argentina/Ushuaia",
		"gmt_offset" : -10800,
		"daylight_saving_time" : false
	},
	{
		"id" : 31,
		"country_code" : "AS",
		"country_name" : "American Samoa",
		"zone_name" : "Pacific/Pago_Pago",
		"gmt_offset" : -39600,
		"daylight_saving_time" : false
	},
	{
		"id" : 32,
		"country_code" : "AT",
		"country_name" : "Austria",
		"zone_name" : "Europe/Vienna",
		"gmt_offset" : 7200,
		"daylight_saving_time" : false
	},
	{
		"id" : 33,
		"country_code" : "AU",
		"country_name" : "Australia",
		"zone_name" : "Antarctica/Macquarie",
		"gmt_offset" : 39600,
		"daylight_saving_time" : false
	},
	{
		"id" : 34,
		"country_code" : "AU",
		"country_name" : "Australia",
		"zone_name" : "Australia/Adelaide",
		"gmt_offset" : 34200,
		"daylight_saving_time" : false
	},
	{
		"id" : 35,
		"country_code" : "AU",
		"country_name" : "Australia",
		"zone_name" : "Australia/Brisbane",
		"gmt_offset" : 36000,
		"daylight_saving_time" : false
	},
	{
		"id" : 36,
		"country_code" : "AU",
		"country_name" : "Australia",
		"zone_name" : "Australia/Broken_Hill",
		"gmt_offset" : 34200,
		"daylight_saving_time" : false
	},
	{
		"id" : 37,
		"country_code" : "AU",
		"country_name" : "Australia",
		"zone_name" : "Australia/Currie",
		"gmt_offset" : 36000,
		"daylight_saving_time" : false
	},
	{
		"id" : 38,
		"country_code" : "AU",
		"country_name" : "Australia",
		"zone_name" : "Australia/Darwin",
		"gmt_offset" : 34200,
		"daylight_saving_time" : false
	},
	{
		"id" : 39,
		"country_code" : "AU",
		"country_name" : "Australia",
		"zone_name" : "Australia/Eucla",
		"gmt_offset" : 31500,
		"daylight_saving_time" : false
	},
	{
		"id" : 40,
		"country_code" : "AU",
		"country_name" : "Australia",
		"zone_name" : "Australia/Hobart",
		"gmt_offset" : 36000,
		"daylight_saving_time" : false
	},
	{
		"id" : 41,
		"country_code" : "AU",
		"country_name" : "Australia",
		"zone_name" : "Australia/Lindeman",
		"gmt_offset" : 36000,
		"daylight_saving_time" : false
	},
	{
		"id" : 42,
		"country_code" : "AU",
		"country_name" : "Australia",
		"zone_name" : "Australia/Lord_Howe",
		"gmt_offset" : 37800,
		"daylight_saving_time" : false
	},
	{
		"id" : 43,
		"country_code" : "AU",
		"country_name" : "Australia",
		"zone_name" : "Australia/Melbourne",
		"gmt_offset" : 36000,
		"daylight_saving_time" : false
	},
	{
		"id" : 44,
		"country_code" : "AU",
		"country_name" : "Australia",
		"zone_name" : "Australia/Perth",
		"gmt_offset" : 28800,
		"daylight_saving_time" : false
	},
	{
		"id" : 45,
		"country_code" : "AU",
		"country_name" : "Australia",
		"zone_name" : "Australia/Sydney",
		"gmt_offset" : 36000,
		"daylight_saving_time" : false
	},
	{
		"id" : 46,
		"country_code" : "AW",
		"country_name" : "Aruba",
		"zone_name" : "America/Aruba",
		"gmt_offset" : -14400,
		"daylight_saving_time" : false
	},
	{
		"id" : 47,
		"country_code" : "AX",
		"country_name" : "Aland Islands",
		"zone_name" : "Europe/Mariehamn",
		"gmt_offset" : 10800,
		"daylight_saving_time" : false
	},
	{
		"id" : 48,
		"country_code" : "AZ",
		"country_name" : "Azerbaijan",
		"zone_name" : "Asia/Baku",
		"gmt_offset" : 14400,
		"daylight_saving_time" : false
	},
	{
		"id" : 49,
		"country_code" : "BA",
		"country_name" : "Bosnia and Herzegovina",
		"zone_name" : "Europe/Sarajevo",
		"gmt_offset" : 7200,
		"daylight_saving_time" : false
	},
	{
		"id" : 50,
		"country_code" : "BB",
		"country_name" : "Barbados",
		"zone_name" : "America/Barbados",
		"gmt_offset" : -14400,
		"daylight_saving_time" : false
	},
	{
		"id" : 51,
		"country_code" : "BD",
		"country_name" : "Bangladesh",
		"zone_name" : "Asia/Dhaka",
		"gmt_offset" : 21600,
		"daylight_saving_time" : false
	},
	{
		"id" : 52,
		"country_code" : "BE",
		"country_name" : "Belgium",
		"zone_name" : "Europe/Brussels",
		"gmt_offset" : 7200,
		"daylight_saving_time" : false
	},
	{
		"id" : 53,
		"country_code" : "BF",
		"country_name" : "Burkina Faso",
		"zone_name" : "Africa/Ouagadougou",
		"gmt_offset" : 0,
		"daylight_saving_time" : false
	},
	{
		"id" : 54,
		"country_code" : "BG",
		"country_name" : "Bulgaria",
		"zone_name" : "Europe/Sofia",
		"gmt_offset" : 10800,
		"daylight_saving_time" : false
	},
	{
		"id" : 55,
		"country_code" : "BH",
		"country_name" : "Bahrain",
		"zone_name" : "Asia/Bahrain",
		"gmt_offset" : 10800,
		"daylight_saving_time" : false
	},
	{
		"id" : 56,
		"country_code" : "BI",
		"country_name" : "Burundi",
		"zone_name" : "Africa/Bujumbura",
		"gmt_offset" : 7200,
		"daylight_saving_time" : false
	},
	{
		"id" : 57,
		"country_code" : "BJ",
		"country_name" : "Benin",
		"zone_name" : "Africa/Porto-Novo",
		"gmt_offset" : 3600,
		"daylight_saving_time" : false
	},
	{
		"id" : 58,
		"country_code" : "BL",
		"country_name" : "Saint Barthélemy",
		"zone_name" : "America/St_Barthelemy",
		"gmt_offset" : -14400,
		"daylight_saving_time" : false
	},
	{
		"id" : 59,
		"country_code" : "BM",
		"country_name" : "Bermuda",
		"zone_name" : "Atlantic/Bermuda",
		"gmt_offset" : -10800,
		"daylight_saving_time" : false
	},
	{
		"id" : 60,
		"country_code" : "BN",
		"country_name" : "Brunei",
		"zone_name" : "Asia/Brunei",
		"gmt_offset" : 28800,
		"daylight_saving_time" : false
	},
	{
		"id" : 61,
		"country_code" : "BO",
		"country_name" : "Bolivia",
		"zone_name" : "America/La_Paz",
		"gmt_offset" : -14400,
		"daylight_saving_time" : false
	},
	{
		"id" : 62,
		"country_code" : "BQ",
		"country_name" : "Bonaire, Saint Eustatius and Saba ",
		"zone_name" : "America/Kralendijk",
		"gmt_offset" : -14400,
		"daylight_saving_time" : false
	},
	{
		"id" : 63,
		"country_code" : "BR",
		"country_name" : "Brazil",
		"zone_name" : "America/Araguaina",
		"gmt_offset" : -10800,
		"daylight_saving_time" : false
	},
	{
		"id" : 64,
		"country_code" : "BR",
		"country_name" : "Brazil",
		"zone_name" : "America/Bahia",
		"gmt_offset" : -10800,
		"daylight_saving_time" : false
	},
	{
		"id" : 65,
		"country_code" : "BR",
		"country_name" : "Brazil",
		"zone_name" : "America/Belem",
		"gmt_offset" : -10800,
		"daylight_saving_time" : false
	},
	{
		"id" : 66,
		"country_code" : "BR",
		"country_name" : "Brazil",
		"zone_name" : "America/Boa_Vista",
		"gmt_offset" : -14400,
		"daylight_saving_time" : false
	},
	{
		"id" : 67,
		"country_code" : "BR",
		"country_name" : "Brazil",
		"zone_name" : "America/Campo_Grande",
		"gmt_offset" : -14400,
		"daylight_saving_time" : false
	},
	{
		"id" : 68,
		"country_code" : "BR",
		"country_name" : "Brazil",
		"zone_name" : "America/Cuiaba",
		"gmt_offset" : -14400,
		"daylight_saving_time" : false
	},
	{
		"id" : 69,
		"country_code" : "BR",
		"country_name" : "Brazil",
		"zone_name" : "America/Eirunepe",
		"gmt_offset" : -18000,
		"daylight_saving_time" : false
	},
	{
		"id" : 70,
		"country_code" : "BR",
		"country_name" : "Brazil",
		"zone_name" : "America/Fortaleza",
		"gmt_offset" : -10800,
		"daylight_saving_time" : false
	},
	{
		"id" : 71,
		"country_code" : "BR",
		"country_name" : "Brazil",
		"zone_name" : "America/Maceio",
		"gmt_offset" : -10800,
		"daylight_saving_time" : false
	},
	{
		"id" : 72,
		"country_code" : "BR",
		"country_name" : "Brazil",
		"zone_name" : "America/Manaus",
		"gmt_offset" : -14400,
		"daylight_saving_time" : false
	},
	{
		"id" : 73,
		"country_code" : "BR",
		"country_name" : "Brazil",
		"zone_name" : "America/Noronha",
		"gmt_offset" : -7200,
		"daylight_saving_time" : false
	},
	{
		"id" : 74,
		"country_code" : "BR",
		"country_name" : "Brazil",
		"zone_name" : "America/Porto_Velho",
		"gmt_offset" : -14400,
		"daylight_saving_time" : false
	},
	{
		"id" : 75,
		"country_code" : "BR",
		"country_name" : "Brazil",
		"zone_name" : "America/Recife",
		"gmt_offset" : -10800,
		"daylight_saving_time" : false
	},
	{
		"id" : 76,
		"country_code" : "BR",
		"country_name" : "Brazil",
		"zone_name" : "America/Rio_Branco",
		"gmt_offset" : -18000,
		"daylight_saving_time" : false
	},
	{
		"id" : 77,
		"country_code" : "BR",
		"country_name" : "Brazil",
		"zone_name" : "America/Santarem",
		"gmt_offset" : -10800,
		"daylight_saving_time" : false
	},
	{
		"id" : 78,
		"country_code" : "BR",
		"country_name" : "Brazil",
		"zone_name" : "America/Sao_Paulo",
		"gmt_offset" : -10800,
		"daylight_saving_time" : false
	},
	{
		"id" : 79,
		"country_code" : "BS",
		"country_name" : "Bahamas",
		"zone_name" : "America/Nassau",
		"gmt_offset" : -14400,
		"daylight_saving_time" : false
	},
	{
		"id" : 80,
		"country_code" : "BT",
		"country_name" : "Bhutan",
		"zone_name" : "Asia/Thimphu",
		"gmt_offset" : 21600,
		"daylight_saving_time" : false
	},
	{
		"id" : 81,
		"country_code" : "BW",
		"country_name" : "Botswana",
		"zone_name" : "Africa/Gaborone",
		"gmt_offset" : 7200,
		"daylight_saving_time" : false
	},
	{
		"id" : 82,
		"country_code" : "BY",
		"country_name" : "Belarus",
		"zone_name" : "Europe/Minsk",
		"gmt_offset" : 10800,
		"daylight_saving_time" : false
	},
	{
		"id" : 83,
		"country_code" : "BZ",
		"country_name" : "Belize",
		"zone_name" : "America/Belize",
		"gmt_offset" : -21600,
		"daylight_saving_time" : false
	},
	{
		"id" : 84,
		"country_code" : "CA",
		"country_name" : "Canada",
		"zone_name" : "America/Atikokan",
		"gmt_offset" : -18000,
		"daylight_saving_time" : false
	},
	{
		"id" : 85,
		"country_code" : "CA",
		"country_name" : "Canada",
		"zone_name" : "America/Blanc-Sablon",
		"gmt_offset" : -14400,
		"daylight_saving_time" : false
	},
	{
		"id" : 86,
		"country_code" : "CA",
		"country_name" : "Canada",
		"zone_name" : "America/Cambridge_Bay",
		"gmt_offset" : -21600,
		"daylight_saving_time" : false
	},
	{
		"id" : 87,
		"country_code" : "CA",
		"country_name" : "Canada",
		"zone_name" : "America/Creston",
		"gmt_offset" : -25200,
		"daylight_saving_time" : false
	},
	{
		"id" : 88,
		"country_code" : "CA",
		"country_name" : "Canada",
		"zone_name" : "America/Dawson",
		"gmt_offset" : -25200,
		"daylight_saving_time" : false
	},
	{
		"id" : 89,
		"country_code" : "CA",
		"country_name" : "Canada",
		"zone_name" : "America/Dawson_Creek",
		"gmt_offset" : -25200,
		"daylight_saving_time" : false
	},
	{
		"id" : 90,
		"country_code" : "CA",
		"country_name" : "Canada",
		"zone_name" : "America/Edmonton",
		"gmt_offset" : -21600,
		"daylight_saving_time" : false
	},
	{
		"id" : 91,
		"country_code" : "CA",
		"country_name" : "Canada",
		"zone_name" : "America/Fort_Nelson",
		"gmt_offset" : -25200,
		"daylight_saving_time" : false
	},
	{
		"id" : 92,
		"country_code" : "CA",
		"country_name" : "Canada",
		"zone_name" : "America/Glace_Bay",
		"gmt_offset" : -10800,
		"daylight_saving_time" : false
	},
	{
		"id" : 93,
		"country_code" : "CA",
		"country_name" : "Canada",
		"zone_name" : "America/Goose_Bay",
		"gmt_offset" : -10800,
		"daylight_saving_time" : false
	},
	{
		"id" : 94,
		"country_code" : "CA",
		"country_name" : "Canada",
		"zone_name" : "America/Halifax",
		"gmt_offset" : -10800,
		"daylight_saving_time" : false
	},
	{
		"id" : 95,
		"country_code" : "CA",
		"country_name" : "Canada",
		"zone_name" : "America/Inuvik",
		"gmt_offset" : -21600,
		"daylight_saving_time" : false
	},
	{
		"id" : 96,
		"country_code" : "CA",
		"country_name" : "Canada",
		"zone_name" : "America/Iqaluit",
		"gmt_offset" : -14400,
		"daylight_saving_time" : false
	},
	{
		"id" : 97,
		"country_code" : "CA",
		"country_name" : "Canada",
		"zone_name" : "America/Moncton",
		"gmt_offset" : -10800,
		"daylight_saving_time" : false
	},
	{
		"id" : 98,
		"country_code" : "CA",
		"country_name" : "Canada",
		"zone_name" : "America/Nipigon",
		"gmt_offset" : -14400,
		"daylight_saving_time" : false
	},
	{
		"id" : 99,
		"country_code" : "CA",
		"country_name" : "Canada",
		"zone_name" : "America/Pangnirtung",
		"gmt_offset" : -14400,
		"daylight_saving_time" : false
	},
	{
		"id" : 100,
		"country_code" : "CA",
		"country_name" : "Canada",
		"zone_name" : "America/Rainy_River",
		"gmt_offset" : -18000,
		"daylight_saving_time" : false
	},
	{
		"id" : 101,
		"country_code" : "CA",
		"country_name" : "Canada",
		"zone_name" : "America/Rankin_Inlet",
		"gmt_offset" : -18000,
		"daylight_saving_time" : false
	},
	{
		"id" : 102,
		"country_code" : "CA",
		"country_name" : "Canada",
		"zone_name" : "America/Regina",
		"gmt_offset" : -21600,
		"daylight_saving_time" : false
	},
	{
		"id" : 103,
		"country_code" : "CA",
		"country_name" : "Canada",
		"zone_name" : "America/Resolute",
		"gmt_offset" : -18000,
		"daylight_saving_time" : false
	},
	{
		"id" : 104,
		"country_code" : "CA",
		"country_name" : "Canada",
		"zone_name" : "America/St_Johns",
		"gmt_offset" : -9000,
		"daylight_saving_time" : false
	},
	{
		"id" : 105,
		"country_code" : "CA",
		"country_name" : "Canada",
		"zone_name" : "America/Swift_Current",
		"gmt_offset" : -21600,
		"daylight_saving_time" : false
	},
	{
		"id" : 106,
		"country_code" : "CA",
		"country_name" : "Canada",
		"zone_name" : "America/Thunder_Bay",
		"gmt_offset" : -14400,
		"daylight_saving_time" : false
	},
	{
		"id" : 107,
		"country_code" : "CA",
		"country_name" : "Canada",
		"zone_name" : "America/Toronto",
		"gmt_offset" : -14400,
		"daylight_saving_time" : false
	},
	{
		"id" : 108,
		"country_code" : "CA",
		"country_name" : "Canada",
		"zone_name" : "America/Vancouver",
		"gmt_offset" : -25200,
		"daylight_saving_time" : false
	},
	{
		"id" : 109,
		"country_code" : "CA",
		"country_name" : "Canada",
		"zone_name" : "America/Whitehorse",
		"gmt_offset" : -25200,
		"daylight_saving_time" : false
	},
	{
		"id" : 110,
		"country_code" : "CA",
		"country_name" : "Canada",
		"zone_name" : "America/Winnipeg",
		"gmt_offset" : -18000,
		"daylight_saving_time" : false
	},
	{
		"id" : 111,
		"country_code" : "CA",
		"country_name" : "Canada",
		"zone_name" : "America/Yellowknife",
		"gmt_offset" : -21600,
		"daylight_saving_time" : false
	},
	{
		"id" : 112,
		"country_code" : "CC",
		"country_name" : "Cocos Islands",
		"zone_name" : "Indian/Cocos",
		"gmt_offset" : 23400,
		"daylight_saving_time" : false
	},
	{
		"id" : 113,
		"country_code" : "CD",
		"country_name" : "Democratic Republic of the Congo",
		"zone_name" : "Africa/Kinshasa",
		"gmt_offset" : 3600,
		"daylight_saving_time" : false
	},
	{
		"id" : 114,
		"country_code" : "CD",
		"country_name" : "Democratic Republic of the Congo",
		"zone_name" : "Africa/Lubumbashi",
		"gmt_offset" : 7200,
		"daylight_saving_time" : false
	},
	{
		"id" : 115,
		"country_code" : "CF",
		"country_name" : "Central African Republic",
		"zone_name" : "Africa/Bangui",
		"gmt_offset" : 3600,
		"daylight_saving_time" : false
	},
	{
		"id" : 116,
		"country_code" : "CG",
		"country_name" : "Republic of the Congo",
		"zone_name" : "Africa/Brazzaville",
		"gmt_offset" : 3600,
		"daylight_saving_time" : false
	},
	{
		"id" : 117,
		"country_code" : "CH",
		"country_name" : "Switzerland",
		"zone_name" : "Europe/Zurich",
		"gmt_offset" : 7200,
		"daylight_saving_time" : false
	},
	{
		"id" : 118,
		"country_code" : "CI",
		"country_name" : "Ivory Coast",
		"zone_name" : "Africa/Abidjan",
		"gmt_offset" : 0,
		"daylight_saving_time" : false
	},
	{
		"id" : 119,
		"country_code" : "CK",
		"country_name" : "Cook Islands",
		"zone_name" : "Pacific/Rarotonga",
		"gmt_offset" : -36000,
		"daylight_saving_time" : false
	},
	{
		"id" : 120,
		"country_code" : "CL",
		"country_name" : "Chile",
		"zone_name" : "America/Punta_Arenas",
		"gmt_offset" : -10800,
		"daylight_saving_time" : false
	},
	{
		"id" : 121,
		"country_code" : "CL",
		"country_name" : "Chile",
		"zone_name" : "America/Santiago",
		"gmt_offset" : -14400,
		"daylight_saving_time" : false
	},
	{
		"id" : 122,
		"country_code" : "CL",
		"country_name" : "Chile",
		"zone_name" : "Pacific/Easter",
		"gmt_offset" : -21600,
		"daylight_saving_time" : false
	},
	{
		"id" : 123,
		"country_code" : "CM",
		"country_name" : "Cameroon",
		"zone_name" : "Africa/Douala",
		"gmt_offset" : 3600,
		"daylight_saving_time" : false
	},
	{
		"id" : 124,
		"country_code" : "CN",
		"country_name" : "China",
		"zone_name" : "Asia/Shanghai",
		"gmt_offset" : 28800,
		"daylight_saving_time" : false
	},
	{
		"id" : 125,
		"country_code" : "CN",
		"country_name" : "China",
		"zone_name" : "Asia/Urumqi",
		"gmt_offset" : 21600,
		"daylight_saving_time" : false
	},
	{
		"id" : 126,
		"country_code" : "CO",
		"country_name" : "Colombia",
		"zone_name" : "America/Bogota",
		"gmt_offset" : -18000,
		"daylight_saving_time" : false
	},
	{
		"id" : 127,
		"country_code" : "CR",
		"country_name" : "Costa Rica",
		"zone_name" : "America/Costa_Rica",
		"gmt_offset" : -21600,
		"daylight_saving_time" : false
	},
	{
		"id" : 128,
		"country_code" : "CU",
		"country_name" : "Cuba",
		"zone_name" : "America/Havana",
		"gmt_offset" : -14400,
		"daylight_saving_time" : false
	},
	{
		"id" : 129,
		"country_code" : "CV",
		"country_name" : "Cape Verde",
		"zone_name" : "Atlantic/Cape_Verde",
		"gmt_offset" : -3600,
		"daylight_saving_time" : false
	},
	{
		"id" : 130,
		"country_code" : "CW",
		"country_name" : "Curaçao",
		"zone_name" : "America/Curacao",
		"gmt_offset" : -14400,
		"daylight_saving_time" : false
	},
	{
		"id" : 131,
		"country_code" : "CX",
		"country_name" : "Christmas Island",
		"zone_name" : "Indian/Christmas",
		"gmt_offset" : 25200,
		"daylight_saving_time" : false
	},
	{
		"id" : 132,
		"country_code" : "CY",
		"country_name" : "Cyprus",
		"zone_name" : "Asia/Famagusta",
		"gmt_offset" : 10800,
		"daylight_saving_time" : false
	},
	{
		"id" : 133,
		"country_code" : "CY",
		"country_name" : "Cyprus",
		"zone_name" : "Asia/Nicosia",
		"gmt_offset" : 10800,
		"daylight_saving_time" : false
	},
	{
		"id" : 134,
		"country_code" : "CZ",
		"country_name" : "Czech Republic",
		"zone_name" : "Europe/Prague",
		"gmt_offset" : 7200,
		"daylight_saving_time" : false
	},
	{
		"id" : 135,
		"country_code" : "DE",
		"country_name" : "Germany",
		"zone_name" : "Europe/Berlin",
		"gmt_offset" : 7200,
		"daylight_saving_time" : false
	},
	{
		"id" : 136,
		"country_code" : "DE",
		"country_name" : "Germany",
		"zone_name" : "Europe/Busingen",
		"gmt_offset" : 7200,
		"daylight_saving_time" : false
	},
	{
		"id" : 137,
		"country_code" : "DJ",
		"country_name" : "Djibouti",
		"zone_name" : "Africa/Djibouti",
		"gmt_offset" : 10800,
		"daylight_saving_time" : false
	},
	{
		"id" : 138,
		"country_code" : "DK",
		"country_name" : "Denmark",
		"zone_name" : "Europe/Copenhagen",
		"gmt_offset" : 7200,
		"daylight_saving_time" : false
	},
	{
		"id" : 139,
		"country_code" : "DM",
		"country_name" : "Dominica",
		"zone_name" : "America/Dominica",
		"gmt_offset" : -14400,
		"daylight_saving_time" : false
	},
	{
		"id" : 140,
		"country_code" : "DO",
		"country_name" : "Dominican Republic",
		"zone_name" : "America/Santo_Domingo",
		"gmt_offset" : -14400,
		"daylight_saving_time" : false
	},
	{
		"id" : 141,
		"country_code" : "DZ",
		"country_name" : "Algeria",
		"zone_name" : "Africa/Algiers",
		"gmt_offset" : 3600,
		"daylight_saving_time" : false
	},
	{
		"id" : 142,
		"country_code" : "EC",
		"country_name" : "Ecuador",
		"zone_name" : "America/Guayaquil",
		"gmt_offset" : -18000,
		"daylight_saving_time" : false
	},
	{
		"id" : 143,
		"country_code" : "EC",
		"country_name" : "Ecuador",
		"zone_name" : "Pacific/Galapagos",
		"gmt_offset" : -21600,
		"daylight_saving_time" : false
	},
	{
		"id" : 144,
		"country_code" : "EE",
		"country_name" : "Estonia",
		"zone_name" : "Europe/Tallinn",
		"gmt_offset" : 10800,
		"daylight_saving_time" : false
	},
	{
		"id" : 145,
		"country_code" : "EG",
		"country_name" : "Egypt",
		"zone_name" : "Africa/Cairo",
		"gmt_offset" : 7200,
		"daylight_saving_time" : false
	},
	{
		"id" : 146,
		"country_code" : "EH",
		"country_name" : "Western Sahara",
		"zone_name" : "Africa/El_Aaiun",
		"gmt_offset" : 3600,
		"daylight_saving_time" : false
	},
	{
		"id" : 147,
		"country_code" : "ER",
		"country_name" : "Eritrea",
		"zone_name" : "Africa/Asmara",
		"gmt_offset" : 10800,
		"daylight_saving_time" : false
	},
	{
		"id" : 148,
		"country_code" : "ES",
		"country_name" : "Spain",
		"zone_name" : "Africa/Ceuta",
		"gmt_offset" : 7200,
		"daylight_saving_time" : false
	},
	{
		"id" : 149,
		"country_code" : "ES",
		"country_name" : "Spain",
		"zone_name" : "Atlantic/Canary",
		"gmt_offset" : 3600,
		"daylight_saving_time" : false
	},
	{
		"id" : 150,
		"country_code" : "ES",
		"country_name" : "Spain",
		"zone_name" : "Europe/Madrid",
		"gmt_offset" : 7200,
		"daylight_saving_time" : false
	},
	{
		"id" : 151,
		"country_code" : "ET",
		"country_name" : "Ethiopia",
		"zone_name" : "Africa/Addis_Ababa",
		"gmt_offset" : 10800,
		"daylight_saving_time" : false
	},
	{
		"id" : 152,
		"country_code" : "FI",
		"country_name" : "Finland",
		"zone_name" : "Europe/Helsinki",
		"gmt_offset" : 10800,
		"daylight_saving_time" : false
	},
	{
		"id" : 153,
		"country_code" : "FJ",
		"country_name" : "Fiji",
		"zone_name" : "Pacific/Fiji",
		"gmt_offset" : 43200,
		"daylight_saving_time" : false
	},
	{
		"id" : 154,
		"country_code" : "FK",
		"country_name" : "Falkland Islands",
		"zone_name" : "Atlantic/Stanley",
		"gmt_offset" : -10800,
		"daylight_saving_time" : false
	},
	{
		"id" : 155,
		"country_code" : "FM",
		"country_name" : "Micronesia",
		"zone_name" : "Pacific/Chuuk",
		"gmt_offset" : 36000,
		"daylight_saving_time" : false
	},
	{
		"id" : 156,
		"country_code" : "FM",
		"country_name" : "Micronesia",
		"zone_name" : "Pacific/Kosrae",
		"gmt_offset" : 39600,
		"daylight_saving_time" : false
	},
	{
		"id" : 157,
		"country_code" : "FM",
		"country_name" : "Micronesia",
		"zone_name" : "Pacific/Pohnpei",
		"gmt_offset" : 39600,
		"daylight_saving_time" : false
	},
	{
		"id" : 158,
		"country_code" : "FO",
		"country_name" : "Faroe Islands",
		"zone_name" : "Atlantic/Faroe",
		"gmt_offset" : 3600,
		"daylight_saving_time" : false
	},
	{
		"id" : 159,
		"country_code" : "FR",
		"country_name" : "France",
		"zone_name" : "Europe/Paris",
		"gmt_offset" : 7200,
		"daylight_saving_time" : false
	},
	{
		"id" : 160,
		"country_code" : "GA",
		"country_name" : "Gabon",
		"zone_name" : "Africa/Libreville",
		"gmt_offset" : 3600,
		"daylight_saving_time" : false
	},
	{
		"id" : 161,
		"country_code" : "GB",
		"country_name" : "United Kingdom",
		"zone_name" : "Europe/London",
		"gmt_offset" : 3600,
		"daylight_saving_time" : false
	},
	{
		"id" : 162,
		"country_code" : "GD",
		"country_name" : "Grenada",
		"zone_name" : "America/Grenada",
		"gmt_offset" : -14400,
		"daylight_saving_time" : false
	},
	{
		"id" : 163,
		"country_code" : "GE",
		"country_name" : "Georgia",
		"zone_name" : "Asia/Tbilisi",
		"gmt_offset" : 14400,
		"daylight_saving_time" : false
	},
	{
		"id" : 164,
		"country_code" : "GF",
		"country_name" : "French Guiana",
		"zone_name" : "America/Cayenne",
		"gmt_offset" : -10800,
		"daylight_saving_time" : false
	},
	{
		"id" : 165,
		"country_code" : "GG",
		"country_name" : "Guernsey",
		"zone_name" : "Europe/Guernsey",
		"gmt_offset" : 3600,
		"daylight_saving_time" : false
	},
	{
		"id" : 166,
		"country_code" : "GH",
		"country_name" : "Ghana",
		"zone_name" : "Africa/Accra",
		"gmt_offset" : 0,
		"daylight_saving_time" : false
	},
	{
		"id" : 167,
		"country_code" : "GI",
		"country_name" : "Gibraltar",
		"zone_name" : "Europe/Gibraltar",
		"gmt_offset" : 7200,
		"daylight_saving_time" : false
	},
	{
		"id" : 168,
		"country_code" : "GL",
		"country_name" : "Greenland",
		"zone_name" : "America/Danmarkshavn",
		"gmt_offset" : 0,
		"daylight_saving_time" : false
	},
	{
		"id" : 169,
		"country_code" : "GL",
		"country_name" : "Greenland",
		"zone_name" : "America/Godthab",
		"gmt_offset" : -7200,
		"daylight_saving_time" : false
	},
	{
		"id" : 170,
		"country_code" : "GL",
		"country_name" : "Greenland",
		"zone_name" : "America/Scoresbysund",
		"gmt_offset" : 0,
		"daylight_saving_time" : false
	},
	{
		"id" : 171,
		"country_code" : "GL",
		"country_name" : "Greenland",
		"zone_name" : "America/Thule",
		"gmt_offset" : -10800,
		"daylight_saving_time" : false
	},
	{
		"id" : 172,
		"country_code" : "GM",
		"country_name" : "Gambia",
		"zone_name" : "Africa/Banjul",
		"gmt_offset" : 0,
		"daylight_saving_time" : false
	},
	{
		"id" : 173,
		"country_code" : "GN",
		"country_name" : "Guinea",
		"zone_name" : "Africa/Conakry",
		"gmt_offset" : 0,
		"daylight_saving_time" : false
	},
	{
		"id" : 174,
		"country_code" : "GP",
		"country_name" : "Guadeloupe",
		"zone_name" : "America/Guadeloupe",
		"gmt_offset" : -14400,
		"daylight_saving_time" : false
	},
	{
		"id" : 175,
		"country_code" : "GQ",
		"country_name" : "Equatorial Guinea",
		"zone_name" : "Africa/Malabo",
		"gmt_offset" : 3600,
		"daylight_saving_time" : false
	},
	{
		"id" : 176,
		"country_code" : "GR",
		"country_name" : "Greece",
		"zone_name" : "Europe/Athens",
		"gmt_offset" : 10800,
		"daylight_saving_time" : false
	},
	{
		"id" : 177,
		"country_code" : "GS",
		"country_name" : "South Georgia and the South Sandwich Islands",
		"zone_name" : "Atlantic/South_Georgia",
		"gmt_offset" : -7200,
		"daylight_saving_time" : false
	},
	{
		"id" : 178,
		"country_code" : "GT",
		"country_name" : "Guatemala",
		"zone_name" : "America/Guatemala",
		"gmt_offset" : -21600,
		"daylight_saving_time" : false
	},
	{
		"id" : 179,
		"country_code" : "GU",
		"country_name" : "Guam",
		"zone_name" : "Pacific/Guam",
		"gmt_offset" : 36000,
		"daylight_saving_time" : false
	},
	{
		"id" : 180,
		"country_code" : "GW",
		"country_name" : "Guinea-Bissau",
		"zone_name" : "Africa/Bissau",
		"gmt_offset" : 0,
		"daylight_saving_time" : false
	},
	{
		"id" : 181,
		"country_code" : "GY",
		"country_name" : "Guyana",
		"zone_name" : "America/Guyana",
		"gmt_offset" : -14400,
		"daylight_saving_time" : false
	},
	{
		"id" : 182,
		"country_code" : "HK",
		"country_name" : "Hong Kong",
		"zone_name" : "Asia/Hong_Kong",
		"gmt_offset" : 28800,
		"daylight_saving_time" : false
	},
	{
		"id" : 183,
		"country_code" : "HN",
		"country_name" : "Honduras",
		"zone_name" : "America/Tegucigalpa",
		"gmt_offset" : -21600,
		"daylight_saving_time" : false
	},
	{
		"id" : 184,
		"country_code" : "HR",
		"country_name" : "Croatia",
		"zone_name" : "Europe/Zagreb",
		"gmt_offset" : 7200,
		"daylight_saving_time" : false
	},
	{
		"id" : 185,
		"country_code" : "HT",
		"country_name" : "Haiti",
		"zone_name" : "America/Port-au-Prince",
		"gmt_offset" : -14400,
		"daylight_saving_time" : false
	},
	{
		"id" : 186,
		"country_code" : "HU",
		"country_name" : "Hungary",
		"zone_name" : "Europe/Budapest",
		"gmt_offset" : 7200,
		"daylight_saving_time" : false
	},
	{
		"id" : 187,
		"country_code" : "ID",
		"country_name" : "Indonesia",
		"zone_name" : "Asia/Jakarta",
		"gmt_offset" : 25200,
		"daylight_saving_time" : false
	},
	{
		"id" : 188,
		"country_code" : "ID",
		"country_name" : "Indonesia",
		"zone_name" : "Asia/Jayapura",
		"gmt_offset" : 32400,
		"daylight_saving_time" : false
	},
	{
		"id" : 189,
		"country_code" : "ID",
		"country_name" : "Indonesia",
		"zone_name" : "Asia/Makassar",
		"gmt_offset" : 28800,
		"daylight_saving_time" : false
	},
	{
		"id" : 190,
		"country_code" : "ID",
		"country_name" : "Indonesia",
		"zone_name" : "Asia/Pontianak",
		"gmt_offset" : 25200,
		"daylight_saving_time" : false
	},
	{
		"id" : 191,
		"country_code" : "IE",
		"country_name" : "Ireland",
		"zone_name" : "Europe/Dublin",
		"gmt_offset" : 3600,
		"daylight_saving_time" : false
	},
	{
		"id" : 192,
		"country_code" : "IL",
		"country_name" : "Israel",
		"zone_name" : "Asia/Jerusalem",
		"gmt_offset" : 10800,
		"daylight_saving_time" : false
	},
	{
		"id" : 193,
		"country_code" : "IM",
		"country_name" : "Isle of Man",
		"zone_name" : "Europe/Isle_of_Man",
		"gmt_offset" : 3600,
		"daylight_saving_time" : false
	},
	{
		"id" : 194,
		"country_code" : "IN",
		"country_name" : "India",
		"zone_name" : "Asia/Kolkata",
		"gmt_offset" : 19800,
		"daylight_saving_time" : false
	},
	{
		"id" : 195,
		"country_code" : "IO",
		"country_name" : "British Indian Ocean Territory",
		"zone_name" : "Indian/Chagos",
		"gmt_offset" : 21600,
		"daylight_saving_time" : false
	},
	{
		"id" : 196,
		"country_code" : "IQ",
		"country_name" : "Iraq",
		"zone_name" : "Asia/Baghdad",
		"gmt_offset" : 10800,
		"daylight_saving_time" : false
	},
	{
		"id" : 197,
		"country_code" : "IR",
		"country_name" : "Iran",
		"zone_name" : "Asia/Tehran",
		"gmt_offset" : 16200,
		"daylight_saving_time" : false
	},
	{
		"id" : 198,
		"country_code" : "IS",
		"country_name" : "Iceland",
		"zone_name" : "Atlantic/Reykjavik",
		"gmt_offset" : 0,
		"daylight_saving_time" : false
	},
	{
		"id" : 199,
		"country_code" : "IT",
		"country_name" : "Italy",
		"zone_name" : "Europe/Rome",
		"gmt_offset" : 7200,
		"daylight_saving_time" : false
	},
	{
		"id" : 200,
		"country_code" : "JE",
		"country_name" : "Jersey",
		"zone_name" : "Europe/Jersey",
		"gmt_offset" : 3600,
		"daylight_saving_time" : false
	},
	{
		"id" : 201,
		"country_code" : "JM",
		"country_name" : "Jamaica",
		"zone_name" : "America/Jamaica",
		"gmt_offset" : -18000,
		"daylight_saving_time" : false
	},
	{
		"id" : 202,
		"country_code" : "JO",
		"country_name" : "Jordan",
		"zone_name" : "Asia/Amman",
		"gmt_offset" : 10800,
		"daylight_saving_time" : false
	},
	{
		"id" : 203,
		"country_code" : "JP",
		"country_name" : "Japan",
		"zone_name" : "Asia/Tokyo",
		"gmt_offset" : 32400,
		"daylight_saving_time" : false
	},
	{
		"id" : 204,
		"country_code" : "KE",
		"country_name" : "Kenya",
		"zone_name" : "Africa/Nairobi",
		"gmt_offset" : 10800,
		"daylight_saving_time" : false
	},
	{
		"id" : 205,
		"country_code" : "KG",
		"country_name" : "Kyrgyzstan",
		"zone_name" : "Asia/Bishkek",
		"gmt_offset" : 21600,
		"daylight_saving_time" : false
	},
	{
		"id" : 206,
		"country_code" : "KH",
		"country_name" : "Cambodia",
		"zone_name" : "Asia/Phnom_Penh",
		"gmt_offset" : 25200,
		"daylight_saving_time" : false
	},
	{
		"id" : 207,
		"country_code" : "KI",
		"country_name" : "Kiribati",
		"zone_name" : "Pacific/Enderbury",
		"gmt_offset" : 46800,
		"daylight_saving_time" : false
	},
	{
		"id" : 208,
		"country_code" : "KI",
		"country_name" : "Kiribati",
		"zone_name" : "Pacific/Kiritimati",
		"gmt_offset" : 50400,
		"daylight_saving_time" : false
	},
	{
		"id" : 209,
		"country_code" : "KI",
		"country_name" : "Kiribati",
		"zone_name" : "Pacific/Tarawa",
		"gmt_offset" : 43200,
		"daylight_saving_time" : false
	},
	{
		"id" : 210,
		"country_code" : "KM",
		"country_name" : "Comoros",
		"zone_name" : "Indian/Comoro",
		"gmt_offset" : 10800,
		"daylight_saving_time" : false
	},
	{
		"id" : 211,
		"country_code" : "KN",
		"country_name" : "Saint Kitts and Nevis",
		"zone_name" : "America/St_Kitts",
		"gmt_offset" : -14400,
		"daylight_saving_time" : false
	},
	{
		"id" : 212,
		"country_code" : "KP",
		"country_name" : "North Korea",
		"zone_name" : "Asia/Pyongyang",
		"gmt_offset" : 32400,
		"daylight_saving_time" : false
	},
	{
		"id" : 213,
		"country_code" : "KR",
		"country_name" : "South Korea",
		"zone_name" : "Asia/Seoul",
		"gmt_offset" : 32400,
		"daylight_saving_time" : false
	},
	{
		"id" : 214,
		"country_code" : "KW",
		"country_name" : "Kuwait",
		"zone_name" : "Asia/Kuwait",
		"gmt_offset" : 10800,
		"daylight_saving_time" : false
	},
	{
		"id" : 215,
		"country_code" : "KY",
		"country_name" : "Cayman Islands",
		"zone_name" : "America/Cayman",
		"gmt_offset" : -18000,
		"daylight_saving_time" : false
	},
	{
		"id" : 216,
		"country_code" : "KZ",
		"country_name" : "Kazakhstan",
		"zone_name" : "Asia/Almaty",
		"gmt_offset" : 21600,
		"daylight_saving_time" : false
	},
	{
		"id" : 217,
		"country_code" : "KZ",
		"country_name" : "Kazakhstan",
		"zone_name" : "Asia/Aqtau",
		"gmt_offset" : 18000,
		"daylight_saving_time" : false
	},
	{
		"id" : 218,
		"country_code" : "KZ",
		"country_name" : "Kazakhstan",
		"zone_name" : "Asia/Aqtobe",
		"gmt_offset" : 18000,
		"daylight_saving_time" : false
	},
	{
		"id" : 219,
		"country_code" : "KZ",
		"country_name" : "Kazakhstan",
		"zone_name" : "Asia/Atyrau",
		"gmt_offset" : 18000,
		"daylight_saving_time" : false
	},
	{
		"id" : 220,
		"country_code" : "KZ",
		"country_name" : "Kazakhstan",
		"zone_name" : "Asia/Oral",
		"gmt_offset" : 18000,
		"daylight_saving_time" : false
	},
	{
		"id" : 221,
		"country_code" : "KZ",
		"country_name" : "Kazakhstan",
		"zone_name" : "Asia/Qostanay",
		"gmt_offset" : 21600,
		"daylight_saving_time" : false
	},
	{
		"id" : 222,
		"country_code" : "KZ",
		"country_name" : "Kazakhstan",
		"zone_name" : "Asia/Qyzylorda",
		"gmt_offset" : 18000,
		"daylight_saving_time" : false
	},
	{
		"id" : 223,
		"country_code" : "LA",
		"country_name" : "Laos",
		"zone_name" : "Asia/Vientiane",
		"gmt_offset" : 25200,
		"daylight_saving_time" : false
	},
	{
		"id" : 224,
		"country_code" : "LB",
		"country_name" : "Lebanon",
		"zone_name" : "Asia/Beirut",
		"gmt_offset" : 10800,
		"daylight_saving_time" : false
	},
	{
		"id" : 225,
		"country_code" : "LC",
		"country_name" : "Saint Lucia",
		"zone_name" : "America/St_Lucia",
		"gmt_offset" : -14400,
		"daylight_saving_time" : false
	},
	{
		"id" : 226,
		"country_code" : "LI",
		"country_name" : "Liechtenstein",
		"zone_name" : "Europe/Vaduz",
		"gmt_offset" : 7200,
		"daylight_saving_time" : false
	},
	{
		"id" : 227,
		"country_code" : "LK",
		"country_name" : "Sri Lanka",
		"zone_name" : "Asia/Colombo",
		"gmt_offset" : 19800,
		"daylight_saving_time" : false
	},
	{
		"id" : 228,
		"country_code" : "LR",
		"country_name" : "Liberia",
		"zone_name" : "Africa/Monrovia",
		"gmt_offset" : 0,
		"daylight_saving_time" : false
	},
	{
		"id" : 229,
		"country_code" : "LS",
		"country_name" : "Lesotho",
		"zone_name" : "Africa/Maseru",
		"gmt_offset" : 7200,
		"daylight_saving_time" : false
	},
	{
		"id" : 230,
		"country_code" : "LT",
		"country_name" : "Lithuania",
		"zone_name" : "Europe/Vilnius",
		"gmt_offset" : 10800,
		"daylight_saving_time" : false
	},
	{
		"id" : 231,
		"country_code" : "LU",
		"country_name" : "Luxembourg",
		"zone_name" : "Europe/Luxembourg",
		"gmt_offset" : 7200,
		"daylight_saving_time" : false
	},
	{
		"id" : 232,
		"country_code" : "LV",
		"country_name" : "Latvia",
		"zone_name" : "Europe/Riga",
		"gmt_offset" : 10800,
		"daylight_saving_time" : false
	},
	{
		"id" : 233,
		"country_code" : "LY",
		"country_name" : "Libya",
		"zone_name" : "Africa/Tripoli",
		"gmt_offset" : 7200,
		"daylight_saving_time" : false
	},
	{
		"id" : 234,
		"country_code" : "MA",
		"country_name" : "Morocco",
		"zone_name" : "Africa/Casablanca",
		"gmt_offset" : 3600,
		"daylight_saving_time" : false
	},
	{
		"id" : 235,
		"country_code" : "MC",
		"country_name" : "Monaco",
		"zone_name" : "Europe/Monaco",
		"gmt_offset" : 7200,
		"daylight_saving_time" : false
	},
	{
		"id" : 236,
		"country_code" : "MD",
		"country_name" : "Moldova",
		"zone_name" : "Europe/Chisinau",
		"gmt_offset" : 10800,
		"daylight_saving_time" : false
	},
	{
		"id" : 237,
		"country_code" : "ME",
		"country_name" : "Montenegro",
		"zone_name" : "Europe/Podgorica",
		"gmt_offset" : 7200,
		"daylight_saving_time" : false
	},
	{
		"id" : 238,
		"country_code" : "MF",
		"country_name" : "Saint Martin",
		"zone_name" : "America/Marigot",
		"gmt_offset" : -14400,
		"daylight_saving_time" : false
	},
	{
		"id" : 239,
		"country_code" : "MG",
		"country_name" : "Madagascar",
		"zone_name" : "Indian/Antananarivo",
		"gmt_offset" : 10800,
		"daylight_saving_time" : false
	},
	{
		"id" : 240,
		"country_code" : "MH",
		"country_name" : "Marshall Islands",
		"zone_name" : "Pacific/Kwajalein",
		"gmt_offset" : 43200,
		"daylight_saving_time" : false
	},
	{
		"id" : 241,
		"country_code" : "MH",
		"country_name" : "Marshall Islands",
		"zone_name" : "Pacific/Majuro",
		"gmt_offset" : 43200,
		"daylight_saving_time" : false
	},
	{
		"id" : 242,
		"country_code" : "MK",
		"country_name" : "Macedonia",
		"zone_name" : "Europe/Skopje",
		"gmt_offset" : 7200,
		"daylight_saving_time" : false
	},
	{
		"id" : 243,
		"country_code" : "ML",
		"country_name" : "Mali",
		"zone_name" : "Africa/Bamako",
		"gmt_offset" : 0,
		"daylight_saving_time" : false
	},
	{
		"id" : 244,
		"country_code" : "MM",
		"country_name" : "Myanmar",
		"zone_name" : "Asia/Yangon",
		"gmt_offset" : 23400,
		"daylight_saving_time" : false
	},
	{
		"id" : 245,
		"country_code" : "MN",
		"country_name" : "Mongolia",
		"zone_name" : "Asia/Choibalsan",
		"gmt_offset" : 28800,
		"daylight_saving_time" : false
	},
	{
		"id" : 246,
		"country_code" : "MN",
		"country_name" : "Mongolia",
		"zone_name" : "Asia/Hovd",
		"gmt_offset" : 25200,
		"daylight_saving_time" : false
	},
	{
		"id" : 247,
		"country_code" : "MN",
		"country_name" : "Mongolia",
		"zone_name" : "Asia/Ulaanbaatar",
		"gmt_offset" : 28800,
		"daylight_saving_time" : false
	},
	{
		"id" : 248,
		"country_code" : "MO",
		"country_name" : "Macao",
		"zone_name" : "Asia/Macau",
		"gmt_offset" : 28800,
		"daylight_saving_time" : false
	},
	{
		"id" : 249,
		"country_code" : "MP",
		"country_name" : "Northern Mariana Islands",
		"zone_name" : "Pacific/Saipan",
		"gmt_offset" : 36000,
		"daylight_saving_time" : false
	},
	{
		"id" : 250,
		"country_code" : "MQ",
		"country_name" : "Martinique",
		"zone_name" : "America/Martinique",
		"gmt_offset" : -14400,
		"daylight_saving_time" : false
	},
	{
		"id" : 251,
		"country_code" : "MR",
		"country_name" : "Mauritania",
		"zone_name" : "Africa/Nouakchott",
		"gmt_offset" : 0,
		"daylight_saving_time" : false
	},
	{
		"id" : 252,
		"country_code" : "MS",
		"country_name" : "Montserrat",
		"zone_name" : "America/Montserrat",
		"gmt_offset" : -14400,
		"daylight_saving_time" : false
	},
	{
		"id" : 253,
		"country_code" : "MT",
		"country_name" : "Malta",
		"zone_name" : "Europe/Malta",
		"gmt_offset" : 7200,
		"daylight_saving_time" : false
	},
	{
		"id" : 254,
		"country_code" : "MU",
		"country_name" : "Mauritius",
		"zone_name" : "Indian/Mauritius",
		"gmt_offset" : 14400,
		"daylight_saving_time" : false
	},
	{
		"id" : 255,
		"country_code" : "MV",
		"country_name" : "Maldives",
		"zone_name" : "Indian/Maldives",
		"gmt_offset" : 18000,
		"daylight_saving_time" : false
	},
	{
		"id" : 256,
		"country_code" : "MW",
		"country_name" : "Malawi",
		"zone_name" : "Africa/Blantyre",
		"gmt_offset" : 7200,
		"daylight_saving_time" : false
	},
	{
		"id" : 257,
		"country_code" : "MX",
		"country_name" : "Mexico",
		"zone_name" : "America/Bahia_Banderas",
		"gmt_offset" : -18000,
		"daylight_saving_time" : false
	},
	{
		"id" : 258,
		"country_code" : "MX",
		"country_name" : "Mexico",
		"zone_name" : "America/Cancun",
		"gmt_offset" : -18000,
		"daylight_saving_time" : false
	},
	{
		"id" : 259,
		"country_code" : "MX",
		"country_name" : "Mexico",
		"zone_name" : "America/Chihuahua",
		"gmt_offset" : -21600,
		"daylight_saving_time" : false
	},
	{
		"id" : 260,
		"country_code" : "MX",
		"country_name" : "Mexico",
		"zone_name" : "America/Hermosillo",
		"gmt_offset" : -25200,
		"daylight_saving_time" : false
	},
	{
		"id" : 261,
		"country_code" : "MX",
		"country_name" : "Mexico",
		"zone_name" : "America/Matamoros",
		"gmt_offset" : -18000,
		"daylight_saving_time" : false
	},
	{
		"id" : 262,
		"country_code" : "MX",
		"country_name" : "Mexico",
		"zone_name" : "America/Mazatlan",
		"gmt_offset" : -21600,
		"daylight_saving_time" : false
	},
	{
		"id" : 263,
		"country_code" : "MX",
		"country_name" : "Mexico",
		"zone_name" : "America/Merida",
		"gmt_offset" : -18000,
		"daylight_saving_time" : false
	},
	{
		"id" : 264,
		"country_code" : "MX",
		"country_name" : "Mexico",
		"zone_name" : "America/Mexico_City",
		"gmt_offset" : -18000,
		"daylight_saving_time" : false
	},
	{
		"id" : 265,
		"country_code" : "MX",
		"country_name" : "Mexico",
		"zone_name" : "America/Monterrey",
		"gmt_offset" : -18000,
		"daylight_saving_time" : false
	},
	{
		"id" : 266,
		"country_code" : "MX",
		"country_name" : "Mexico",
		"zone_name" : "America/Ojinaga",
		"gmt_offset" : -21600,
		"daylight_saving_time" : false
	},
	{
		"id" : 267,
		"country_code" : "MX",
		"country_name" : "Mexico",
		"zone_name" : "America/Tijuana",
		"gmt_offset" : -25200,
		"daylight_saving_time" : false
	},
	{
		"id" : 268,
		"country_code" : "MY",
		"country_name" : "Malaysia",
		"zone_name" : "Asia/Kuala_Lumpur",
		"gmt_offset" : 28800,
		"daylight_saving_time" : false
	},
	{
		"id" : 269,
		"country_code" : "MY",
		"country_name" : "Malaysia",
		"zone_name" : "Asia/Kuching",
		"gmt_offset" : 28800,
		"daylight_saving_time" : false
	},
	{
		"id" : 270,
		"country_code" : "MZ",
		"country_name" : "Mozambique",
		"zone_name" : "Africa/Maputo",
		"gmt_offset" : 7200,
		"daylight_saving_time" : false
	},
	{
		"id" : 271,
		"country_code" : "NA",
		"country_name" : "Namibia",
		"zone_name" : "Africa/Windhoek",
		"gmt_offset" : 7200,
		"daylight_saving_time" : false
	},
	{
		"id" : 272,
		"country_code" : "NC",
		"country_name" : "New Caledonia",
		"zone_name" : "Pacific/Noumea",
		"gmt_offset" : 39600,
		"daylight_saving_time" : false
	},
	{
		"id" : 273,
		"country_code" : "NE",
		"country_name" : "Niger",
		"zone_name" : "Africa/Niamey",
		"gmt_offset" : 3600,
		"daylight_saving_time" : false
	},
	{
		"id" : 274,
		"country_code" : "NF",
		"country_name" : "Norfolk Island",
		"zone_name" : "Pacific/Norfolk",
		"gmt_offset" : 39600,
		"daylight_saving_time" : false
	},
	{
		"id" : 275,
		"country_code" : "NG",
		"country_name" : "Nigeria",
		"zone_name" : "Africa/Lagos",
		"gmt_offset" : 3600,
		"daylight_saving_time" : false
	},
	{
		"id" : 276,
		"country_code" : "NI",
		"country_name" : "Nicaragua",
		"zone_name" : "America/Managua",
		"gmt_offset" : -21600,
		"daylight_saving_time" : false
	},
	{
		"id" : 277,
		"country_code" : "NL",
		"country_name" : "Netherlands",
		"zone_name" : "Europe/Amsterdam",
		"gmt_offset" : 7200,
		"daylight_saving_time" : false
	},
	{
		"id" : 278,
		"country_code" : "NO",
		"country_name" : "Norway",
		"zone_name" : "Europe/Oslo",
		"gmt_offset" : 7200,
		"daylight_saving_time" : false
	},
	{
		"id" : 279,
		"country_code" : "NP",
		"country_name" : "Nepal",
		"zone_name" : "Asia/Kathmandu",
		"gmt_offset" : 20700,
		"daylight_saving_time" : false
	},
	{
		"id" : 280,
		"country_code" : "NR",
		"country_name" : "Nauru",
		"zone_name" : "Pacific/Nauru",
		"gmt_offset" : 43200,
		"daylight_saving_time" : false
	},
	{
		"id" : 281,
		"country_code" : "NU",
		"country_name" : "Niue",
		"zone_name" : "Pacific/Niue",
		"gmt_offset" : -39600,
		"daylight_saving_time" : false
	},
	{
		"id" : 282,
		"country_code" : "NZ",
		"country_name" : "New Zealand",
		"zone_name" : "Pacific/Auckland",
		"gmt_offset" : 43200,
		"daylight_saving_time" : false
	},
	{
		"id" : 283,
		"country_code" : "NZ",
		"country_name" : "New Zealand",
		"zone_name" : "Pacific/Chatham",
		"gmt_offset" : 45900,
		"daylight_saving_time" : false
	},
	{
		"id" : 284,
		"country_code" : "OM",
		"country_name" : "Oman",
		"zone_name" : "Asia/Muscat",
		"gmt_offset" : 14400,
		"daylight_saving_time" : false
	},
	{
		"id" : 285,
		"country_code" : "PA",
		"country_name" : "Panama",
		"zone_name" : "America/Panama",
		"gmt_offset" : -18000,
		"daylight_saving_time" : false
	},
	{
		"id" : 286,
		"country_code" : "PE",
		"country_name" : "Peru",
		"zone_name" : "America/Lima",
		"gmt_offset" : -18000,
		"daylight_saving_time" : false
	},
	{
		"id" : 287,
		"country_code" : "PF",
		"country_name" : "French Polynesia",
		"zone_name" : "Pacific/Gambier",
		"gmt_offset" : -32400,
		"daylight_saving_time" : false
	},
	{
		"id" : 288,
		"country_code" : "PF",
		"country_name" : "French Polynesia",
		"zone_name" : "Pacific/Marquesas",
		"gmt_offset" : -34200,
		"daylight_saving_time" : false
	},
	{
		"id" : 289,
		"country_code" : "PF",
		"country_name" : "French Polynesia",
		"zone_name" : "Pacific/Tahiti",
		"gmt_offset" : -36000,
		"daylight_saving_time" : false
	},
	{
		"id" : 290,
		"country_code" : "PG",
		"country_name" : "Papua New Guinea",
		"zone_name" : "Pacific/Bougainville",
		"gmt_offset" : 39600,
		"daylight_saving_time" : false
	},
	{
		"id" : 291,
		"country_code" : "PG",
		"country_name" : "Papua New Guinea",
		"zone_name" : "Pacific/Port_Moresby",
		"gmt_offset" : 36000,
		"daylight_saving_time" : false
	},
	{
		"id" : 292,
		"country_code" : "PH",
		"country_name" : "Philippines",
		"zone_name" : "Asia/Manila",
		"gmt_offset" : 28800,
		"daylight_saving_time" : false
	},
	{
		"id" : 293,
		"country_code" : "PK",
		"country_name" : "Pakistan",
		"zone_name" : "Asia/Karachi",
		"gmt_offset" : 18000,
		"daylight_saving_time" : false
	},
	{
		"id" : 294,
		"country_code" : "PL",
		"country_name" : "Poland",
		"zone_name" : "Europe/Warsaw",
		"gmt_offset" : 7200,
		"daylight_saving_time" : false
	},
	{
		"id" : 295,
		"country_code" : "PM",
		"country_name" : "Saint Pierre and Miquelon",
		"zone_name" : "America/Miquelon",
		"gmt_offset" : -7200,
		"daylight_saving_time" : false
	},
	{
		"id" : 296,
		"country_code" : "PN",
		"country_name" : "Pitcairn",
		"zone_name" : "Pacific/Pitcairn",
		"gmt_offset" : -28800,
		"daylight_saving_time" : false
	},
	{
		"id" : 297,
		"country_code" : "PR",
		"country_name" : "Puerto Rico",
		"zone_name" : "America/Puerto_Rico",
		"gmt_offset" : -14400,
		"daylight_saving_time" : false
	},
	{
		"id" : 298,
		"country_code" : "PS",
		"country_name" : "Palestinian Territory",
		"zone_name" : "Asia/Gaza",
		"gmt_offset" : 10800,
		"daylight_saving_time" : false
	},
	{
		"id" : 299,
		"country_code" : "PS",
		"country_name" : "Palestinian Territory",
		"zone_name" : "Asia/Hebron",
		"gmt_offset" : 10800,
		"daylight_saving_time" : false
	},
	{
		"id" : 300,
		"country_code" : "PT",
		"country_name" : "Portugal",
		"zone_name" : "Atlantic/Azores",
		"gmt_offset" : 0,
		"daylight_saving_time" : false
	},
	{
		"id" : 301,
		"country_code" : "PT",
		"country_name" : "Portugal",
		"zone_name" : "Atlantic/Madeira",
		"gmt_offset" : 3600,
		"daylight_saving_time" : false
	},
	{
		"id" : 302,
		"country_code" : "PT",
		"country_name" : "Portugal",
		"zone_name" : "Europe/Lisbon",
		"gmt_offset" : 3600,
		"daylight_saving_time" : false
	},
	{
		"id" : 303,
		"country_code" : "PW",
		"country_name" : "Palau",
		"zone_name" : "Pacific/Palau",
		"gmt_offset" : 32400,
		"daylight_saving_time" : false
	},
	{
		"id" : 304,
		"country_code" : "PY",
		"country_name" : "Paraguay",
		"zone_name" : "America/Asuncion",
		"gmt_offset" : -14400,
		"daylight_saving_time" : false
	},
	{
		"id" : 305,
		"country_code" : "QA",
		"country_name" : "Qatar",
		"zone_name" : "Asia/Qatar",
		"gmt_offset" : 10800,
		"daylight_saving_time" : false
	},
	{
		"id" : 306,
		"country_code" : "RE",
		"country_name" : "Reunion",
		"zone_name" : "Indian/Reunion",
		"gmt_offset" : 14400,
		"daylight_saving_time" : false
	},
	{
		"id" : 307,
		"country_code" : "RO",
		"country_name" : "Romania",
		"zone_name" : "Europe/Bucharest",
		"gmt_offset" : 10800,
		"daylight_saving_time" : false
	},
	{
		"id" : 308,
		"country_code" : "RS",
		"country_name" : "Serbia",
		"zone_name" : "Europe/Belgrade",
		"gmt_offset" : 7200,
		"daylight_saving_time" : false
	},
	{
		"id" : 309,
		"country_code" : "RU",
		"country_name" : "Russia",
		"zone_name" : "Asia/Anadyr",
		"gmt_offset" : 43200,
		"daylight_saving_time" : false
	},
	{
		"id" : 310,
		"country_code" : "RU",
		"country_name" : "Russia",
		"zone_name" : "Asia/Barnaul",
		"gmt_offset" : 25200,
		"daylight_saving_time" : false
	},
	{
		"id" : 311,
		"country_code" : "RU",
		"country_name" : "Russia",
		"zone_name" : "Asia/Chita",
		"gmt_offset" : 32400,
		"daylight_saving_time" : false
	},
	{
		"id" : 312,
		"country_code" : "RU",
		"country_name" : "Russia",
		"zone_name" : "Asia/Irkutsk",
		"gmt_offset" : 28800,
		"daylight_saving_time" : false
	},
	{
		"id" : 313,
		"country_code" : "RU",
		"country_name" : "Russia",
		"zone_name" : "Asia/Kamchatka",
		"gmt_offset" : 43200,
		"daylight_saving_time" : false
	},
	{
		"id" : 314,
		"country_code" : "RU",
		"country_name" : "Russia",
		"zone_name" : "Asia/Khandyga",
		"gmt_offset" : 32400,
		"daylight_saving_time" : false
	},
	{
		"id" : 315,
		"country_code" : "RU",
		"country_name" : "Russia",
		"zone_name" : "Asia/Krasnoyarsk",
		"gmt_offset" : 25200,
		"daylight_saving_time" : false
	},
	{
		"id" : 316,
		"country_code" : "RU",
		"country_name" : "Russia",
		"zone_name" : "Asia/Magadan",
		"gmt_offset" : 39600,
		"daylight_saving_time" : false
	},
	{
		"id" : 317,
		"country_code" : "RU",
		"country_name" : "Russia",
		"zone_name" : "Asia/Novokuznetsk",
		"gmt_offset" : 25200,
		"daylight_saving_time" : false
	},
	{
		"id" : 318,
		"country_code" : "RU",
		"country_name" : "Russia",
		"zone_name" : "Asia/Novosibirsk",
		"gmt_offset" : 25200,
		"daylight_saving_time" : false
	},
	{
		"id" : 319,
		"country_code" : "RU",
		"country_name" : "Russia",
		"zone_name" : "Asia/Omsk",
		"gmt_offset" : 21600,
		"daylight_saving_time" : false
	},
	{
		"id" : 320,
		"country_code" : "RU",
		"country_name" : "Russia",
		"zone_name" : "Asia/Sakhalin",
		"gmt_offset" : 39600,
		"daylight_saving_time" : false
	},
	{
		"id" : 321,
		"country_code" : "RU",
		"country_name" : "Russia",
		"zone_name" : "Asia/Srednekolymsk",
		"gmt_offset" : 39600,
		"daylight_saving_time" : false
	},
	{
		"id" : 322,
		"country_code" : "RU",
		"country_name" : "Russia",
		"zone_name" : "Asia/Tomsk",
		"gmt_offset" : 25200,
		"daylight_saving_time" : false
	},
	{
		"id" : 323,
		"country_code" : "RU",
		"country_name" : "Russia",
		"zone_name" : "Asia/Ust-Nera",
		"gmt_offset" : 36000,
		"daylight_saving_time" : false
	},
	{
		"id" : 324,
		"country_code" : "RU",
		"country_name" : "Russia",
		"zone_name" : "Asia/Vladivostok",
		"gmt_offset" : 36000,
		"daylight_saving_time" : false
	},
	{
		"id" : 325,
		"country_code" : "RU",
		"country_name" : "Russia",
		"zone_name" : "Asia/Yakutsk",
		"gmt_offset" : 32400,
		"daylight_saving_time" : false
	},
	{
		"id" : 326,
		"country_code" : "RU",
		"country_name" : "Russia",
		"zone_name" : "Asia/Yekaterinburg",
		"gmt_offset" : 18000,
		"daylight_saving_time" : false
	},
	{
		"id" : 327,
		"country_code" : "RU",
		"country_name" : "Russia",
		"zone_name" : "Europe/Astrakhan",
		"gmt_offset" : 14400,
		"daylight_saving_time" : false
	},
	{
		"id" : 328,
		"country_code" : "RU",
		"country_name" : "Russia",
		"zone_name" : "Europe/Kaliningrad",
		"gmt_offset" : 7200,
		"daylight_saving_time" : false
	},
	{
		"id" : 329,
		"country_code" : "RU",
		"country_name" : "Russia",
		"zone_name" : "Europe/Kirov",
		"gmt_offset" : 10800,
		"daylight_saving_time" : false
	},
	{
		"id" : 330,
		"country_code" : "RU",
		"country_name" : "Russia",
		"zone_name" : "Europe/Moscow",
		"gmt_offset" : 10800,
		"daylight_saving_time" : false
	},
	{
		"id" : 331,
		"country_code" : "RU",
		"country_name" : "Russia",
		"zone_name" : "Europe/Samara",
		"gmt_offset" : 14400,
		"daylight_saving_time" : false
	},
	{
		"id" : 332,
		"country_code" : "RU",
		"country_name" : "Russia",
		"zone_name" : "Europe/Saratov",
		"gmt_offset" : 14400,
		"daylight_saving_time" : false
	},
	{
		"id" : 333,
		"country_code" : "RU",
		"country_name" : "Russia",
		"zone_name" : "Europe/Ulyanovsk",
		"gmt_offset" : 14400,
		"daylight_saving_time" : false
	},
	{
		"id" : 334,
		"country_code" : "RU",
		"country_name" : "Russia",
		"zone_name" : "Europe/Volgograd",
		"gmt_offset" : 14400,
		"daylight_saving_time" : false
	},
	{
		"id" : 335,
		"country_code" : "RW",
		"country_name" : "Rwanda",
		"zone_name" : "Africa/Kigali",
		"gmt_offset" : 7200,
		"daylight_saving_time" : false
	},
	{
		"id" : 336,
		"country_code" : "SA",
		"country_name" : "Saudi Arabia",
		"zone_name" : "Asia/Riyadh",
		"gmt_offset" : 10800,
		"daylight_saving_time" : false
	},
	{
		"id" : 337,
		"country_code" : "SB",
		"country_name" : "Solomon Islands",
		"zone_name" : "Pacific/Guadalcanal",
		"gmt_offset" : 39600,
		"daylight_saving_time" : false
	},
	{
		"id" : 338,
		"country_code" : "SC",
		"country_name" : "Seychelles",
		"zone_name" : "Indian/Mahe",
		"gmt_offset" : 14400,
		"daylight_saving_time" : false
	},
	{
		"id" : 339,
		"country_code" : "SD",
		"country_name" : "Sudan",
		"zone_name" : "Africa/Khartoum",
		"gmt_offset" : 7200,
		"daylight_saving_time" : false
	},
	{
		"id" : 340,
		"country_code" : "SE",
		"country_name" : "Sweden",
		"zone_name" : "Europe/Stockholm",
		"gmt_offset" : 7200,
		"daylight_saving_time" : false
	},
	{
		"id" : 341,
		"country_code" : "SG",
		"country_name" : "Singapore",
		"zone_name" : "Asia/Singapore",
		"gmt_offset" : 28800,
		"daylight_saving_time" : false
	},
	{
		"id" : 342,
		"country_code" : "SH",
		"country_name" : "Saint Helena",
		"zone_name" : "Atlantic/St_Helena",
		"gmt_offset" : 0,
		"daylight_saving_time" : false
	},
	{
		"id" : 343,
		"country_code" : "SI",
		"country_name" : "Slovenia",
		"zone_name" : "Europe/Ljubljana",
		"gmt_offset" : 7200,
		"daylight_saving_time" : false
	},
	{
		"id" : 344,
		"country_code" : "SJ",
		"country_name" : "Svalbard and Jan Mayen",
		"zone_name" : "Arctic/Longyearbyen",
		"gmt_offset" : 7200,
		"daylight_saving_time" : false
	},
	{
		"id" : 345,
		"country_code" : "SK",
		"country_name" : "Slovakia",
		"zone_name" : "Europe/Bratislava",
		"gmt_offset" : 7200,
		"daylight_saving_time" : false
	},
	{
		"id" : 346,
		"country_code" : "SL",
		"country_name" : "Sierra Leone",
		"zone_name" : "Africa/Freetown",
		"gmt_offset" : 0,
		"daylight_saving_time" : false
	},
	{
		"id" : 347,
		"country_code" : "SM",
		"country_name" : "San Marino",
		"zone_name" : "Europe/San_Marino",
		"gmt_offset" : 7200,
		"daylight_saving_time" : false
	},
	{
		"id" : 348,
		"country_code" : "SN",
		"country_name" : "Senegal",
		"zone_name" : "Africa/Dakar",
		"gmt_offset" : 0,
		"daylight_saving_time" : false
	},
	{
		"id" : 349,
		"country_code" : "SO",
		"country_name" : "Somalia",
		"zone_name" : "Africa/Mogadishu",
		"gmt_offset" : 10800,
		"daylight_saving_time" : false
	},
	{
		"id" : 350,
		"country_code" : "SR",
		"country_name" : "Suriname",
		"zone_name" : "America/Paramaribo",
		"gmt_offset" : -10800,
		"daylight_saving_time" : false
	},
	{
		"id" : 351,
		"country_code" : "SS",
		"country_name" : "South Sudan",
		"zone_name" : "Africa/Juba",
		"gmt_offset" : 10800,
		"daylight_saving_time" : false
	},
	{
		"id" : 352,
		"country_code" : "ST",
		"country_name" : "Sao Tome and Principe",
		"zone_name" : "Africa/Sao_Tome",
		"gmt_offset" : 0,
		"daylight_saving_time" : false
	},
	{
		"id" : 353,
		"country_code" : "SV",
		"country_name" : "El Salvador",
		"zone_name" : "America/El_Salvador",
		"gmt_offset" : -21600,
		"daylight_saving_time" : false
	},
	{
		"id" : 354,
		"country_code" : "SX",
		"country_name" : "Sint Maarten",
		"zone_name" : "America/Lower_Princes",
		"gmt_offset" : -14400,
		"daylight_saving_time" : false
	},
	{
		"id" : 355,
		"country_code" : "SY",
		"country_name" : "Syria",
		"zone_name" : "Asia/Damascus",
		"gmt_offset" : 10800,
		"daylight_saving_time" : false
	},
	{
		"id" : 356,
		"country_code" : "SZ",
		"country_name" : "Swaziland",
		"zone_name" : "Africa/Mbabane",
		"gmt_offset" : 7200,
		"daylight_saving_time" : false
	},
	{
		"id" : 357,
		"country_code" : "TC",
		"country_name" : "Turks and Caicos Islands",
		"zone_name" : "America/Grand_Turk",
		"gmt_offset" : -14400,
		"daylight_saving_time" : false
	},
	{
		"id" : 358,
		"country_code" : "TD",
		"country_name" : "Chad",
		"zone_name" : "Africa/Ndjamena",
		"gmt_offset" : 3600,
		"daylight_saving_time" : false
	},
	{
		"id" : 359,
		"country_code" : "TF",
		"country_name" : "French Southern Territories",
		"zone_name" : "Indian/Kerguelen",
		"gmt_offset" : 18000,
		"daylight_saving_time" : false
	},
	{
		"id" : 360,
		"country_code" : "TG",
		"country_name" : "Togo",
		"zone_name" : "Africa/Lome",
		"gmt_offset" : 0,
		"daylight_saving_time" : false
	},
	{
		"id" : 361,
		"country_code" : "TH",
		"country_name" : "Thailand",
		"zone_name" : "Asia/Bangkok",
		"gmt_offset" : 25200,
		"daylight_saving_time" : false
	},
	{
		"id" : 362,
		"country_code" : "TJ",
		"country_name" : "Tajikistan",
		"zone_name" : "Asia/Dushanbe",
		"gmt_offset" : 18000,
		"daylight_saving_time" : false
	},
	{
		"id" : 363,
		"country_code" : "TK",
		"country_name" : "Tokelau",
		"zone_name" : "Pacific/Fakaofo",
		"gmt_offset" : 46800,
		"daylight_saving_time" : false
	},
	{
		"id" : 364,
		"country_code" : "TL",
		"country_name" : "East Timor",
		"zone_name" : "Asia/Dili",
		"gmt_offset" : 32400,
		"daylight_saving_time" : false
	},
	{
		"id" : 365,
		"country_code" : "TM",
		"country_name" : "Turkmenistan",
		"zone_name" : "Asia/Ashgabat",
		"gmt_offset" : 18000,
		"daylight_saving_time" : false
	},
	{
		"id" : 366,
		"country_code" : "TN",
		"country_name" : "Tunisia",
		"zone_name" : "Africa/Tunis",
		"gmt_offset" : 3600,
		"daylight_saving_time" : false
	},
	{
		"id" : 367,
		"country_code" : "TO",
		"country_name" : "Tonga",
		"zone_name" : "Pacific/Tongatapu",
		"gmt_offset" : 46800,
		"daylight_saving_time" : false
	},
	{
		"id" : 368,
		"country_code" : "TR",
		"country_name" : "Turkey",
		"zone_name" : "Europe/Istanbul",
		"gmt_offset" : 10800,
		"daylight_saving_time" : false
	},
	{
		"id" : 369,
		"country_code" : "TT",
		"country_name" : "Trinidad and Tobago",
		"zone_name" : "America/Port_of_Spain",
		"gmt_offset" : -14400,
		"daylight_saving_time" : false
	},
	{
		"id" : 370,
		"country_code" : "TV",
		"country_name" : "Tuvalu",
		"zone_name" : "Pacific/Funafuti",
		"gmt_offset" : 43200,
		"daylight_saving_time" : false
	},
	{
		"id" : 371,
		"country_code" : "TW",
		"country_name" : "Taiwan",
		"zone_name" : "Asia/Taipei",
		"gmt_offset" : 28800,
		"daylight_saving_time" : false
	},
	{
		"id" : 372,
		"country_code" : "TZ",
		"country_name" : "Tanzania",
		"zone_name" : "Africa/Dar_es_Salaam",
		"gmt_offset" : 10800,
		"daylight_saving_time" : false
	},
	{
		"id" : 373,
		"country_code" : "UA",
		"country_name" : "Ukraine",
		"zone_name" : "Europe/Kiev",
		"gmt_offset" : 10800,
		"daylight_saving_time" : false
	},
	{
		"id" : 374,
		"country_code" : "UA",
		"country_name" : "Ukraine",
		"zone_name" : "Europe/Simferopol",
		"gmt_offset" : 10800,
		"daylight_saving_time" : false
	},
	{
		"id" : 375,
		"country_code" : "UA",
		"country_name" : "Ukraine",
		"zone_name" : "Europe/Uzhgorod",
		"gmt_offset" : 10800,
		"daylight_saving_time" : false
	},
	{
		"id" : 376,
		"country_code" : "UA",
		"country_name" : "Ukraine",
		"zone_name" : "Europe/Zaporozhye",
		"gmt_offset" : 10800,
		"daylight_saving_time" : false
	},
	{
		"id" : 377,
		"country_code" : "UG",
		"country_name" : "Uganda",
		"zone_name" : "Africa/Kampala",
		"gmt_offset" : 10800,
		"daylight_saving_time" : false
	},
	{
		"id" : 378,
		"country_code" : "UM",
		"country_name" : "United States Minor Outlying Islands",
		"zone_name" : "Pacific/Midway",
		"gmt_offset" : -39600,
		"daylight_saving_time" : false
	},
	{
		"id" : 379,
		"country_code" : "UM",
		"country_name" : "United States Minor Outlying Islands",
		"zone_name" : "Pacific/Wake",
		"gmt_offset" : 43200,
		"daylight_saving_time" : false
	},
	{
		"id" : 380,
		"country_code" : "US",
		"country_name" : "United States",
		"zone_name" : "America/Adak",
		"gmt_offset" : -32400,
		"daylight_saving_time" : false
	},
	{
		"id" : 381,
		"country_code" : "US",
		"country_name" : "United States",
		"zone_name" : "America/Anchorage",
		"gmt_offset" : -28800,
		"daylight_saving_time" : false
	},
	{
		"id" : 382,
		"country_code" : "US",
		"country_name" : "United States",
		"zone_name" : "America/Boise",
		"gmt_offset" : -21600,
		"daylight_saving_time" : false
	},
	{
		"id" : 383,
		"country_code" : "US",
		"country_name" : "United States",
		"zone_name" : "America/Chicago",
		"gmt_offset" : -18000,
		"daylight_saving_time" : false
	},
	{
		"id" : 384,
		"country_code" : "US",
		"country_name" : "United States",
		"zone_name" : "America/Denver",
		"gmt_offset" : -21600,
		"daylight_saving_time" : false
	},
	{
		"id" : 385,
		"country_code" : "US",
		"country_name" : "United States",
		"zone_name" : "America/Detroit",
		"gmt_offset" : -14400,
		"daylight_saving_time" : false
	},
	{
		"id" : 386,
		"country_code" : "US",
		"country_name" : "United States",
		"zone_name" : "America/Indiana/Indianapolis",
		"gmt_offset" : -14400,
		"daylight_saving_time" : false
	},
	{
		"id" : 387,
		"country_code" : "US",
		"country_name" : "United States",
		"zone_name" : "America/Indiana/Knox",
		"gmt_offset" : -18000,
		"daylight_saving_time" : false
	},
	{
		"id" : 388,
		"country_code" : "US",
		"country_name" : "United States",
		"zone_name" : "America/Indiana/Marengo",
		"gmt_offset" : -14400,
		"daylight_saving_time" : false
	},
	{
		"id" : 389,
		"country_code" : "US",
		"country_name" : "United States",
		"zone_name" : "America/Indiana/Petersburg",
		"gmt_offset" : -14400,
		"daylight_saving_time" : false
	},
	{
		"id" : 390,
		"country_code" : "US",
		"country_name" : "United States",
		"zone_name" : "America/Indiana/Tell_City",
		"gmt_offset" : -18000,
		"daylight_saving_time" : false
	},
	{
		"id" : 391,
		"country_code" : "US",
		"country_name" : "United States",
		"zone_name" : "America/Indiana/Vevay",
		"gmt_offset" : -14400,
		"daylight_saving_time" : false
	},
	{
		"id" : 392,
		"country_code" : "US",
		"country_name" : "United States",
		"zone_name" : "America/Indiana/Vincennes",
		"gmt_offset" : -14400,
		"daylight_saving_time" : false
	},
	{
		"id" : 393,
		"country_code" : "US",
		"country_name" : "United States",
		"zone_name" : "America/Indiana/Winamac",
		"gmt_offset" : -14400,
		"daylight_saving_time" : false
	},
	{
		"id" : 394,
		"country_code" : "US",
		"country_name" : "United States",
		"zone_name" : "America/Juneau",
		"gmt_offset" : -28800,
		"daylight_saving_time" : false
	},
	{
		"id" : 395,
		"country_code" : "US",
		"country_name" : "United States",
		"zone_name" : "America/Kentucky/Louisville",
		"gmt_offset" : -14400,
		"daylight_saving_time" : false
	},
	{
		"id" : 396,
		"country_code" : "US",
		"country_name" : "United States",
		"zone_name" : "America/Kentucky/Monticello",
		"gmt_offset" : -14400,
		"daylight_saving_time" : false
	},
	{
		"id" : 397,
		"country_code" : "US",
		"country_name" : "United States",
		"zone_name" : "America/Los_Angeles",
		"gmt_offset" : -25200,
		"daylight_saving_time" : false
	},
	{
		"id" : 398,
		"country_code" : "US",
		"country_name" : "United States",
		"zone_name" : "America/Menominee",
		"gmt_offset" : -18000,
		"daylight_saving_time" : false
	},
	{
		"id" : 399,
		"country_code" : "US",
		"country_name" : "United States",
		"zone_name" : "America/Metlakatla",
		"gmt_offset" : -28800,
		"daylight_saving_time" : false
	},
	{
		"id" : 400,
		"country_code" : "US",
		"country_name" : "United States",
		"zone_name" : "America/New_York",
		"gmt_offset" : -14400,
		"daylight_saving_time" : false
	},
	{
		"id" : 401,
		"country_code" : "US",
		"country_name" : "United States",
		"zone_name" : "America/Nome",
		"gmt_offset" : -28800,
		"daylight_saving_time" : false
	},
	{
		"id" : 402,
		"country_code" : "US",
		"country_name" : "United States",
		"zone_name" : "America/North_Dakota/Beulah",
		"gmt_offset" : -18000,
		"daylight_saving_time" : false
	},
	{
		"id" : 403,
		"country_code" : "US",
		"country_name" : "United States",
		"zone_name" : "America/North_Dakota/Center",
		"gmt_offset" : -18000,
		"daylight_saving_time" : false
	},
	{
		"id" : 404,
		"country_code" : "US",
		"country_name" : "United States",
		"zone_name" : "America/North_Dakota/New_Salem",
		"gmt_offset" : -18000,
		"daylight_saving_time" : false
	},
	{
		"id" : 405,
		"country_code" : "US",
		"country_name" : "United States",
		"zone_name" : "America/Phoenix",
		"gmt_offset" : -25200,
		"daylight_saving_time" : false
	},
	{
		"id" : 406,
		"country_code" : "US",
		"country_name" : "United States",
		"zone_name" : "America/Sitka",
		"gmt_offset" : -28800,
		"daylight_saving_time" : false
	},
	{
		"id" : 407,
		"country_code" : "US",
		"country_name" : "United States",
		"zone_name" : "America/Yakutat",
		"gmt_offset" : -28800,
		"daylight_saving_time" : false
	},
	{
		"id" : 408,
		"country_code" : "US",
		"country_name" : "United States",
		"zone_name" : "Pacific/Honolulu",
		"gmt_offset" : -36000,
		"daylight_saving_time" : false
	},
	{
		"id" : 409,
		"country_code" : "UY",
		"country_name" : "Uruguay",
		"zone_name" : "America/Montevideo",
		"gmt_offset" : -10800,
		"daylight_saving_time" : false
	},
	{
		"id" : 410,
		"country_code" : "UZ",
		"country_name" : "Uzbekistan",
		"zone_name" : "Asia/Samarkand",
		"gmt_offset" : 18000,
		"daylight_saving_time" : false
	},
	{
		"id" : 411,
		"country_code" : "UZ",
		"country_name" : "Uzbekistan",
		"zone_name" : "Asia/Tashkent",
		"gmt_offset" : 18000,
		"daylight_saving_time" : false
	},
	{
		"id" : 412,
		"country_code" : "VA",
		"country_name" : "Vatican",
		"zone_name" : "Europe/Vatican",
		"gmt_offset" : 7200,
		"daylight_saving_time" : false
	},
	{
		"id" : 413,
		"country_code" : "VC",
		"country_name" : "Saint Vincent and the Grenadines",
		"zone_name" : "America/St_Vincent",
		"gmt_offset" : -14400,
		"daylight_saving_time" : false
	},
	{
		"id" : 414,
		"country_code" : "VE",
		"country_name" : "Venezuela",
		"zone_name" : "America/Caracas",
		"gmt_offset" : -14400,
		"daylight_saving_time" : false
	},
	{
		"id" : 415,
		"country_code" : "VG",
		"country_name" : "British Virgin Islands",
		"zone_name" : "America/Tortola",
		"gmt_offset" : -14400,
		"daylight_saving_time" : false
	},
	{
		"id" : 416,
		"country_code" : "VI",
		"country_name" : "U.S. Virgin Islands",
		"zone_name" : "America/St_Thomas",
		"gmt_offset" : -14400,
		"daylight_saving_time" : false
	},
	{
		"id" : 417,
		"country_code" : "VN",
		"country_name" : "Vietnam",
		"zone_name" : "Asia/Ho_Chi_Minh",
		"gmt_offset" : 25200,
		"daylight_saving_time" : false
	},
	{
		"id" : 418,
		"country_code" : "VU",
		"country_name" : "Vanuatu",
		"zone_name" : "Pacific/Efate",
		"gmt_offset" : 39600,
		"daylight_saving_time" : false
	},
	{
		"id" : 419,
		"country_code" : "WF",
		"country_name" : "Wallis and Futuna",
		"zone_name" : "Pacific/Wallis",
		"gmt_offset" : 43200,
		"daylight_saving_time" : false
	},
	{
		"id" : 420,
		"country_code" : "WS",
		"country_name" : "Samoa",
		"zone_name" : "Pacific/Apia",
		"gmt_offset" : 46800,
		"daylight_saving_time" : false
	},
	{
		"id" : 421,
		"country_code" : "YE",
		"country_name" : "Yemen",
		"zone_name" : "Asia/Aden",
		"gmt_offset" : 10800,
		"daylight_saving_time" : false
	},
	{
		"id" : 422,
		"country_code" : "YT",
		"country_name" : "Mayotte",
		"zone_name" : "Indian/Mayotte",
		"gmt_offset" : 10800,
		"daylight_saving_time" : false
	},
	{
		"id" : 423,
		"country_code" : "ZA",
		"country_name" : "South Africa",
		"zone_name" : "Africa/Johannesburg",
		"gmt_offset" : 7200,
		"daylight_saving_time" : false
	},
	{
		"id" : 424,
		"country_code" : "ZM",
		"country_name" : "Zambia",
		"zone_name" : "Africa/Lusaka",
		"gmt_offset" : 7200,
		"daylight_saving_time" : false
	},
	{
		"id" : 425,
		"country_code" : "ZW",
		"country_name" : "Zimbabwe",
		"zone_name" : "Africa/Harare",
		"gmt_offset" : 7200,
		"daylight_saving_time" : false
	}
]